Fraza kluczowa,Sezon,Priorytet,Kategoria,Status,Link do wpisu
donice betonowe do ogrodu,całoroczny,wysoki,ogrod,wykorzystana,https://greyt.pl/donice-betonowe-do-ogrodu-dlaczego-warto-postawic-na-beton-architektoniczny/
płyty betonowe nawierzchniowe jak układać,całoroczny,wysoki,poradniki,wykorzystana,https://greyt.pl/jak-ukladac-plyty-betonowe-nawierzchniowe-kompletny-poradnik-krok-po-kroku/
beton architektoniczny we wnętrzach,całoroczny,wysoki,wnetrza,wykorzystana,https://greyt.pl/beton-architektoniczny-we-wnetrzach-jak-wprowadzic-go-do-domu-z-klasa/
donice betonowe duże na taras,wiosna,wysoki,ogrod,wykorzystana,https://greyt.pl/donice-betonowe-duze-na-taras-jak-wybrac-i-aranzowac-przestrzen-zewnetrzna/
płyty betonowe ścienne do salonu,całoroczny,wysoki,wnetrza,wykorzystana,https://greyt.pl/plyty-betonowe-scienne-do-salonu-jak-wybrac-i-gdzie-zamontowac/
zegar ścienny betonowy nowoczesny,całoroczny,wysoki,wnetrza,wykorzystana,https://greyt.pl/zegar-scienny-betonowy-jak-wybrac-idealny-model-do-nowoczesnego-wnetrza/
jak dbać o donice betonowe,całoroczny,średni,poradniki,wykorzystana,https://greyt.pl/jak-dbac-o-donice-betonowe-kompletny-poradnik-pielegnacji-na-kazda-pore-roku/
płyty betonowe ogrodowe cena,całoroczny,wysoki,ogrod,wykorzystana,https://greyt.pl/plyty-betonowe-ogrodowe-ile-kosztuja-i-dlaczego-warto-wybrac-jakosc-premium/
beton w nowoczesnym ogrodzie,wiosna,wysoki,ogrod,wykorzystana,https://greyt.pl/beton-w-nowoczesnym-ogrodzie-jak-stworzyc-przestrzen-z-charakterem/
dekoracje betonowe do domu,całoroczny,wysoki,inspiracje,wykorzystana,https://greyt.pl/dekoracje-betonowe-do-domu-surowy-material-ktory-ociepla-wnetrza/
ściana z płyt betonowych w salonie,całoroczny,wysoki,wnetrza,wykorzystana,https://greyt.pl/sciana-z-plyt-betonowych-w-salonie-jak-stworzyc-wnetrze-z-charakterem/
donice betonowe mrozoodporne,jesień,wysoki,poradniki,wykorzystana,https://greyt.pl/donice-betonowe-mrozoodporne-jak-wybrac-pojemniki-ktore-przetrwaja-kazda-zime/
płyty betonowe na ścianę cena,całoroczny,średni,inspiracje,wykorzystana,https://greyt.pl/ile-kosztuja-plyty-betonowe-na-sciane-przewodnik-cenowy-2026/
beton architektoniczny ogród inspiracje,lato,wysoki,inspiracje,wykorzystana,https://greyt.pl/beton-architektoniczny-w-ogrodzie-inspiracje-i-pomysly-na-nowoczesna-aranzacje/
zegary betonowe ścienne nowoczesne,całoroczny,średni,wnetrza,wykorzystana,https://greyt.pl/betonowy-zegar-na-scianie-dlaczego-to-najlepszy-wybor-dla-nowoczesnego-wnetrza/
nawierzchnia betonowa ogród,wiosna,wysoki,ogrod,wykorzystana,https://greyt.pl/nawierzchnia-betonowa-w-ogrodzie-dlaczego-to-hit-2026-roku/
donice betonowe prostokątne duże,całoroczny,średni,ogrod,wykorzystana,https://greyt.pl/donice-betonowe-prostokatne-duze-jak-wybrac-i-aranzowac-przestrzen-w-2026-roku/
beton we wnętrzu minimalistycznym,całoroczny,wysoki,inspiracje,wykorzystana,https://greyt.pl/beton-we-wnetrzu-minimalistycznym-jak-stworzyc-przestrzen-pelna-harmonii/
płyty betonowe taras jak wybrać,wiosna,wysoki,poradniki,wykorzystana,https://greyt.pl/plyty-betonowe-na-taras-jak-wybrac-idealne-poradnik-eksperta/
dekoracje z betonu do salonu,całoroczny,średni,wnetrza,wykorzystana,https://greyt.pl/dekoracje-z-betonu-do-salonu-jak-wprowadzic-beton-architektoniczny-do-wnetrza/
beton architektoniczny w kuchni,całoroczny,wysoki,wnetrza,wykorzystana,https://greyt.pl/beton-architektoniczny-w-kuchni-jak-go-wykorzystac-i-pielegnowac/
donice betonowe na balkon,lato,wysoki,ogrod,wykorzystana,https://greyt.pl/donice-betonowe-na-balkon-jak-wybrac-i-aranzowac-w-2026-roku/
płyty betonowe chodnikowe nowoczesne,lato,wysoki,ogrod,wykorzystana,https://greyt.pl/plyty-betonowe-chodnikowe-nowoczesne-przewodnik-po-trendach-2026/
nowoczesne donice betonowe przed dom,lato,wysoki,ogrod,wykorzystana,https://greyt.pl/nowoczesne-donice-betonowe-przed-dom-jak-wybrac-i-aranzowac-strefe-wejsciowa/
beton architektoniczny łazienka,całoroczny,wysoki,wnetrza,do wykorzystania,
donice betonowe okrągłe,całoroczny,średni,ogrod,do wykorzystania,
zegar betonowy do kuchni,całoroczny,średni,wnetrza,do wykorzystania,
płyty betonowe imitujące kamień,całoroczny,średni,inspiracje,do wykorzystania,
jak czyścić beton architektoniczny,całoroczny,średni,poradniki,do wykorzystania,
donice betonowe do wnętrz,całoroczny,średni,wnetrza,do wykorzystania,
płyty betonowe ażurowe do ogrodu,lato,średni,ogrod,do wykorzystania,
beton architektoniczny do biura,całoroczny,średni,inspiracje,do wykorzystania,
donice betonowe XXL do ogrodu,lato,średni,ogrod,do wykorzystania,
płyty betonowe na elewację,całoroczny,średni,inspiracje,do wykorzystania,
zegary betonowe na prezent,całoroczny,niski,aktualnosci,do wykorzystania,
donice betonowe jesienne aranżacje,jesień,średni,inspiracje,do wykorzystania,
jak zabezpieczyć beton na zimę,jesień,średni,poradniki,do wykorzystania,
